param_name," val"," min"," max"
a1_0," 14.90266473416929"," 0.01490266473416929"," 14902.66473416929 "
a1_1," 0.23264458213057818"," 0.00023264458213057818"," 232.64458213057818"
b1_0," 0.035170517422827195"," 0.000035170517422827195","  035.170517422827195"
b1_1," 0.5174274669229642"," 0.0005174274669229642"," 517.4274669229642"
a2_0," 179.26203746615033"," 0.17926203746615033"," 179262.03746615033"
a2_1," 0.2051524889557108"," 0.0002051524889557108"," 205.1524889557108"
b2_0," 5.0278233275136515"," 0.0050278233275136515"," 5027.8233275136515"
b2_1," 0.6011265377611984"," 0.0006011265377611984"," 601.1265377611984"
a3_0," 45.5734036380168"," 0.0455734036380168"," 45573.4036380168"
a3_1," 0.25742516900913953"," 0.00025742516900913953"," 257.42516900913953"
b3_0," 3.91186678099864"," 0.00391186678099864"," 3911.86678099864"
b3_1," 0.05624687664719668"," 0.00005624687664719668"," 56.24687664719668"
bh_0," 20.437375530859402"," 0.020437375530859402"," 20437.375530859402"
bh_1," 2.586420958687835"," 0.002586420958687835"," 2586.420958687835"
bh_2," 0.21816806259636728"," 0.00021816806259636728"," 218.16806259636728"
ah_0," 0.16075323947800216"," 0.00016075323947800216"," 160.75323947800216"
ah_1," 317.7857883178585"," 0.3177857883178585"," 317785.7883178585"
ah_2," 0.21355372724438573"," 0.00021355372724438573"," 213.55372724438573"
vShift," 2.93674306544398","  -1893.674306544398","  2293.674306544398"
vShift_inact," 4.972685261796128"," -1697.2685261796128"," 2497.2685261796128"
,,,